,dt,sensor_std,integration_method
0,0.6055725693702697,0.6127703207731247,RK2
1,0.6055725693702697,0.6127703207731247,RK2
2,0.6055725693702697,0.6127703207731247,RK2
